{
  "project_info": {
    "project_number": "229710045470",
    "project_id": "shoping-9ff49",
    "storage_bucket": "shoping-9ff49.appspot.com"
  },
  "client": [
    {
      "client_info": {
        "mobilesdk_app_id": "1:229710045470:android:335bd1ea08757f70bc690f",
        "android_client_info": {
          "package_name": "com.shoping.alaa.shoping"
        }
      },
      "oauth_client": [],
      "api_key": [
        {
          "current_key": "AIzaSyAaJ8IHp6BTBZmgnHWE1JtJsNIbemZrAAQ"
        }
      ],
      "services": {
        "appinvite_service": {
          "other_platform_oauth_client": []
        }
      }
    }
  ],
  "configuration_version": "1"
}